INSERT INTO artists(id, artist_name) 
VALUES('1', 'Скриптонит'),
	  ('2', 'Markul'),
	  ('3', 'Boris Brecha'),
	  ('4', '104'),
	  ('5', 'Наутилус'),
	  ('6', 'Truwer'),
	  ('7', 'Тима Белорусских'),
	  ('8', 'BigBabyTape'),
	  ('9', 'Kizaru'),
	  ('10', 'Мияги');
	  
INSERT INTO genres(id, genre_name) 
VALUES('1', 'Rap'),
	  ('2', 'Hip-Hop'),
	  ('3', 'Pop'),
	  ('4', 'Electro'),
	  ('5', 'Rock');
	 
INSERT INTO genres_artists(genres_id, artists_id)
VALUES(2, 1),
	  (3, 2),
	  (4, 3),
	  (2, 4),
	  (5, 5),
	  (2, 6),
	  (3, 7),
	  (1, 8),
	  (1, 9),
	  (2, 10);
	  
INSERT into albums(id, album_name, album_date)
VALUES('1', 'Свистки и бумажки', '2021'),
      ('2', 'Great Depression', '2018'),
      ('3', 'Space Diver', '2020'),
      ('4', 'Стыд или слава', '2021'),
      ('5', 'Крылья', '1996'),
      ('6', 'Проблемы', '2023'),
      ('7', 'Твой первый диск - моя кассета', '2019'),
      ('8', 'DragonBorn', '2018'),
      ('9', 'Bandana', '2021'),
      ('10', 'Hajime', '2016');
     
INSERT INTO albums_artists(albums_id, artists_id)
VALUES(1, 1),
	  (2, 2),
	  (3, 3),
	  (4, 4),
	  (5, 5),
	  (6, 6),
	  (7, 7),
	  (8, 8),
	  (9, 9),
	  (10, 10);
    
INSERT into tracks(id, track_name, track_duration, album_id)
VALUES('1', 'Рамок нет', 4.50, 1),
	  ('2', 'Жить как я живу', 3.37, 1),
	  ('3', 'Компас', 3.03, 2),
	  ('4', 'Серпантин', 3.06, 2),
	  ('5', 'Space Diver', 6.37, 3),
	  ('6', 'Space Diver2', 10.12, 3),
	  ('7', 'Лавэ', 2.30, 4),
	  ('8', 'ХХХ', 1.57, 4),
	  ('9', 'Дыхание', 3.39, 5),
	  ('10', 'Русский рок', 4.24, 5),
	  ('11', 'Проблемы', 2.10, 6),
	  ('12', 'Не нравится', 2.22, 6),
	  ('13', 'Одуванчик', 3.03, 7),
	  ('14', 'Повторим', 2.36, 7),
	  ('15', 'Gimme The Loot', 2.09, 8),
	  ('16', '98 Flow', 2.13, 8),
	  ('17', '99 Problems', 2.40, 9),
	  ('18', 'Mama Makusa', 1.54, 9),
	  ('19', 'Mynor', 2.55, 10),
	  ('20', 'Там ревели горы', 2.56, 10);
	 
INSERT into collections(id, collection_name, collection_date)
VALUES('1', 'Сборник 1', '2023'),
	  ('2', 'Сборник 2', '2022'),
	  ('3', 'Сборник 3', '2021'),
	  ('4', 'Сборник 4', '2020'),
	  ('5', 'Сборник 5', '2019'),
	  ('6', 'Сборник 6', '2018'),
	  ('7', 'Сборник 7', '2017'),
	  ('8', 'Сборник 8', '2016');
	 
INSERT INTO tracks_collections(track_id, collection_id)
VALUES(1, 4),
	  (2, 5),
	  (3, 1),
	  (4, 8),
	  (6, 2),
	  (7, 6),
	  (8, 3),
	  (9, 4),
	  (11, 1),
	  (12, 2),
	  (13, 3),
	  (14, 4),
	  (16, 5),
	  (17, 6),
	  (18, 7),
	  (19, 8);
